[
    {
     "Doc subject":"pa",
     "type":"noting",
     "File":"air force",
     "file subject":"leave",
     "old file reference":"numbers count",
     "content":"This sample demonstrates the overview of basic grid features with its performance metrics of large data"
    },
  
    {
    "Doc subject":"application",
     "type":"enclosure",
     "File":"air force",
     "file subject":"leave",
     "old file reference":"numbers count",
     "content":"This sample demonstrates the overview of basic grid features with its performance metrics of large data"
    },
    {
        "Doc subject":"pa",
        "type":"noting",
        "File":"air force",
        "file subject":"leave",
        "old file reference":"numbers count",
        "content":"This sample demonstrates the overview of basic grid features with its performance metrics of large data"
    },
  
    {
    "Doc subject":"pa",
     "type":"noting",
     "File":"air force",
     "file subject":"leave",
     "old file reference":"numbers count",
     "content":"This sample demonstrates the overview of basic grid features with its performance metrics of large data"
    },
    {
        "Doc subject":"pa",
        "type":"noting",
        "File":"air force",
        "file subject":"leave",
        "old file reference":"numbers count",
        "content":"This sample demonstrates the overview of basic grid features with its performance metrics of large data"
    },
    {
        "Doc subject":"pa",
        "type":"noting",
        "File":"air force",
        "file subject":"leave",
        "old file reference":"numbers count",
        "content":"This sample demonstrates the overview of basic grid features with its performance metrics of large data"
    }
  
  ]
  